acquisition_channel,num_users,avg_frequency,avg_monetary,avg_CLTV,avg_lifetime_days
email,1880,4.843617021276596,1250.1351595744682,3019.8368510638297,209.84468085106383
organic,1960,5.027551020408163,1284.7203826530613,3086.7117959183674,209.3622448979592
paid_ads,1863,4.064949006977993,1048.5369565217393,2507.7466988727856,180.03166935050993
referral,1007,4.987090367428004,1677.5964548162858,4205.431201588877,221.59185700099306
social_media,2915,4.9228130360205835,1271.4665214408233,3071.5771320754716,207.29056603773586
