segment,num_users,avg_frequency,avg_monetary,avg_CLTV,avg_lifetime_days
At Risk,2873,6.559693699965194,1748.9635363731293,4326.802074486599,248.75113122171945
Champions,1,268.0,71311.82,143156.42,355.0
Inactive,4294,2.930833721471821,760.0416185374942,1690.766651141127,139.0370284117373
Loyal Regulars,7,19.428571428571427,5122.732857142857,23803.86285714286,79.57142857142857
Potential regulars,2450,5.742857142857143,1559.9318530612245,3913.0037714285713,267.36857142857144
